ticket_id,received,channel,department,text
T10001,2026-04-10,email,network,"Hi there, my calls keep dropping in Port Ember, sometimes 3 times an hour. I have tried a factory reset and it didn't help."
T10002,2026-06-15,chat,device,"Hi, I want to move my Aster Fold contract to my daughter's account. It's not letting me change anything in the app. Thank you."
T10003,2026-04-27,email,billing,"Hello, my direct debit failed and now there is a late payment fee of $17.99. I work from home and I can't do my job without signal. Thanks."
T10004,2026-01-13,sms,billing,there is a charge of $127.00 i dont recognise on my last invoice i want to return it this is really not good enough
T10005,2026-04-03,email,billing,"I was charged $37.00 on my bill but my Prepay Go plan is only $87.25 a month. The charge is not on my contract. Please refund the difference. Thanks, Fen"
T10006,2026-06-02,sms,billing,i was billed for flex 30 but i switched to flex 10 on 24 july the courier said it was delivered but it wasn't thx
T10007,2026-08-03,sms,device,"hello kittiwake, my nimbus x2 shows no service but my partner's phone works fine on the same network it is still under warranty thx, rafi"
T10008,2026-03-01,email,account,I was charged $101.50 after someone else took over my account. I work from home and I can't do my job without signal.
T10009,2026-08-28,email,network,I'm on Family Share and paying $128.50 a month but I can't get signal in Marrowby. Please help.
T10010,2026-04-18,email,device,"Hi there, my new Corvid 5 won't turn on after the update. I need a replacement as soon as possible. Thank you."
T10011,2026-08-12,email,device,My Nimbus X2 gets very hot and shuts down. It was fine until 28 March. I can't use the phone at all.
T10012,2026-06-09,email,billing,"I was charged $89.00 for a Aster Fold I returned this morning. The courier said it was delivered but it wasn't. Thanks, Priya"
T10013,2026-08-26,chat,device,"To whom it may concern, the new Corvid 5 drops every call, the old one never did in Cragwell. I have restarted the phone and it's still not working. Regards, Callum."
T10014,2026-07-25,email,account,"Hello Kittiwake, I want to upgrade from Family Share to Unlimited Plus. This is urgent, I can't access anything. Regards, Oona."
T10015,2026-06-05,sms,account,"hi, i want to move my corvid 5 pro contract to my daughter's account"
T10016,2026-06-06,sms,device,"hello kittiwake, my nimbus x2 battery drains from full to empty in 9 hours i've only had it 14 days it is still under warranty"
T10017,2026-07-27,chat,account,"To whom it may concern, I need a PUK code, my SIM is blocked. I have restarted the phone and it's still not working."
T10018,2026-07-03,email,account,"Hello Kittiwake, I want to move my Nimbus X2 contract to my daughter's account. I don't want to lose my number. Please confirm by email. This is really not good enough."
T10019,2026-05-27,chat,device,"Hi there, since I got the Nimbus Mini there is no data in Gullhaven, and my other phone is the same. Thanks, Wynn"
T10020,2026-05-25,email,billing,I was charged for a replacement Nimbus Mini that is still under warranty. I checked my bank statement and the money has gone. My account number is on the bill. Please help.
T10021,2026-03-09,email,billing,"Hello Kittiwake, I'm paying $13.75 for Unlimited Plus but data barely works in Lowmere, I want money back. I've only had it 3 days. Can someone look at my invoice? Please help."
T10022,2026-03-08,email,account,"To whom it may concern, I want to upgrade from Flex 30 to Flex 10. Please confirm by email."
T10023,2026-08-15,email,billing,"My bill shows calls I never made, I think someone else used my number. I have tried a factory reset and it didn't help."
T10024,2026-06-01,sms,billing,"hello, i was charged $123.50 on my bill but my family share plan is only $106.00 a month i shouldn't have to pay for something i didn't use thx, hedda"
T10025,2026-03-08,email,network,"To whom it may concern, I'm on Flex 10 and paying $72.25 a month but I can't get signal in Brackenridge. I have restarted the phone and it's still not working. Regards, Mara."
T10026,2026-02-14,email,billing,"To whom it may concern, I'm paying $36.50 for Unlimited Plus but data barely works in Brackenridge, I want money back. I don't want to lose my number. Please refund the difference."
T10027,2026-02-23,chat,billing,"Hello Kittiwake, my bill for 2 November is $20.50, which is double what I normally pay. I checked my bank statement and the money has gone."
T10028,2026-06-04,email,billing,"Hello, the Nimbus Mini on my bill has a broken screen and I need a repair. I don't want to lose my number."
T10029,2026-06-06,email,billing,"To whom it may concern, there is a charge of $116.25 I don't recognise on my last invoice. I want to return it."
T10030,2026-04-07,email,account,"Hello, how do I add my son to our Flex 10 plan? This is really not good enough."
T10031,2026-07-02,email,account,"To whom it may concern, I was charged $127.50 after someone else took over my account. I don't want to lose my number."
T10032,2026-03-11,sms,network,"i cant make calls or send texts, it just says no service regards, mara"
T10033,2026-05-03,chat,billing,"To whom it may concern, my direct debit failed and now there is a late payment fee of $26.99. Please confirm by email. Can someone look at my invoice? Thanks, Fen"
T10034,2026-07-25,chat,account,"I want to move my Corvid 5 contract to my daughter's account. Can someone look at my invoice? I have tried 9 times. Thanks, Declan"
T10035,2026-06-23,email,billing,"Hi, I was charged for a replacement Corvid 5 Pro that is still under warranty. I shouldn't have to pay for something I didn't use. Thanks, Wynn"
T10036,2026-01-12,email,network,"Hi, I have had no signal at all in Eastholm Quay since last Wednesday. This is urgent, I can't access anything. I work from home and I can't do my job without signal."
T10037,2026-01-24,email,network,"Hi there, voicemail isn't working and missed calls don't show up. It's not the phone, it happens on every handset. Thanks, Ines"
T10038,2026-02-20,chat,network,"Good morning, is there an outage in Marrowby? Nobody on our street has signal. I need a replacement as soon as possible. Other networks work fine in the same spot. Thank you."
T10039,2026-07-01,email,account,"Hello Kittiwake, my number was moved to another SIM without my permission and now I have no signal. I can't afford to pay $58.99 this month."
T10040,2026-05-21,email,account,"I was charged $77.75 after someone else took over my account. Can someone look at my invoice? Thanks, Lise"
T10041,2026-04-12,email,billing,"Hi, the eSIM add-on is on my bill as $38.99 and I never asked for it. Thanks."
T10042,2026-01-04,email,device,"Hello Kittiwake, order KW-93718 for a Corvid 5 Pro still hasn't been delivered. It is still under warranty. I want to return it. Please help."
T10043,2026-01-25,email,device,"Good morning, the Nimbus X2 on my bill has a broken screen and I need a repair. It's not letting me change anything in the app. This is really not good enough."
T10044,2026-02-15,sms,device,my corvid 5 shows no service but my partner's phone works fine on the same network i dont want to lose my number this is really not good enough
T10045,2026-05-13,email,device,"Hello Kittiwake, my Corvid 5 Pro keeps restarting by itself. I don't want to lose my number. Thanks, Callum"
T10046,2026-07-03,email,device,"The Corvid 5 on my bill has a broken screen and I need a repair. Nobody has replied to my last message. Regards, Asha."
T10047,2026-04-21,email,billing,"Hello, I was charged $76.99 for a Nimbus X2 I returned two days ago. My account number is on the bill."
T10048,2026-05-11,sms,billing,the esim add-on is on my bill as $13.00 and i never asked for it pls refund the difference
T10049,2026-05-20,email,network,Wi-Fi calling stopped working after my account was upgraded. My neighbours on Kittiwake Mobile have the same problem. My neighbours on Kittiwake Mobile have the same problem. This is really not good enough.
T10050,2026-08-24,sms,network,"hello kittiwake, wi-fi calling stopped working after my account was upgraded"
T10051,2026-01-09,email,network,"Good morning, my account says 5G but my Nimbus Mini never shows more than one bar in Tern Harbour. It is still under warranty."
T10052,2026-07-21,sms,account,"hi, i want to transfer my number to a new account it's not the phone, it happens on every handset thank you"
T10053,2026-02-05,email,billing,"Hello Kittiwake, I cancelled the add-on yesterday and I'm still being billed for it. It's not the phone, it happens on every handset. Please help."
T10054,2026-03-21,email,device,"Hello, the touchscreen on my Aster Fold stopped responding 11 March. It was fine until on Wednesday. Thanks, Callum"
T10055,2026-02-18,email,device,My account is locked after too many login attempts. I've only had it 13 days. Thank you.
T10056,2026-08-08,chat,network,"To whom it may concern, coverage inside my house in Lowmere is zero bars."
T10057,2026-02-05,sms,billing,"hello, why was i charged roaming fees when i never left lowmere? my account number is on the bill the charge is not on my contract this is really not good enough"
T10058,2026-05-04,email,device,"Hi there, I can't log in to anything on my Corvid 5 Pro since the update, the screen freezes. I work from home and I can't do my job without signal. Thank you."
T10059,2026-04-12,chat,network,"Good morning, since I got the Nimbus Mini there is no data in Gullhaven, and my other phone is the same. Other networks work fine in the same spot. I tried another SIM and it's the same. Please help."
T10060,2026-06-21,sms,network,"my account says 5g but my nimbus x2 never shows more than one bar in marrowby regards, ines"
T10061,2026-07-12,email,account,"Hi, I need a PUK code, my SIM is blocked. I work from home and I can't do my job without signal. I don't know who did it. Please help."
T10062,2026-08-24,email,billing,"Hi, there is a charge of $43.99 I don't recognise on my last invoice. The charge is not on my contract. Regards, Declan."
T10063,2026-02-27,chat,network,"Good morning, wi-Fi calling stopped working after my account was upgraded. I have restarted the phone and it's still not working. Thank you."
T10064,2026-01-07,chat,billing,"Hello, I'm paying $38.75 for Unlimited Plus but data barely works in Eastholm Quay, I want money back. Thank you."
T10065,2026-03-04,sms,network,"hi, i have had no signal at all in tern harbour since this morning it's not the phone, it happens on every handset thx, oona"
T10066,2026-02-05,chat,account,"Hi there, I want to move my Nimbus X2 contract to my daughter's account. Please confirm by email. Thanks, Hedda"
T10067,2026-06-25,chat,billing,"Good morning, I paid my bill last Friday but the app still says it is overdue. Can someone look at my invoice? Regards, Joss."
T10068,2026-06-13,email,network,"Hello, my Nimbus X2 shows no service but my partner's phone works fine on the same network. I want to return it."
T10069,2026-05-09,chat,network,"My account says 5G but my Corvid 5 never shows more than one bar in Brackenridge. It's not the phone, it happens on every handset."
T10070,2026-04-21,chat,billing,"Why was I charged roaming fees when I never left Gullhaven? I don't want to lose my number. Thanks, Wynn"
T10071,2026-06-14,chat,network,"Good morning, data speeds in Wrenfield are so slow that pages won't load. I have restarted the phone and it's still not working. Regards, Oona."
T10072,2026-02-05,email,billing,"To whom it may concern, I was charged for a replacement Corvid 5 that is still under warranty. Thanks, Teodor"
T10073,2026-04-01,sms,account,"hi, i want to upgrade from family share to unlimited plus regards, ines"
T10074,2026-05-05,sms,account,"good morning, i want to transfer my number to a new account i have my id ready if u need it this is really not good enough"
T10075,2026-04-18,email,billing,"Good morning, the price of Unlimited Plus went up without any notice. Can someone look at my invoice? Thanks, Mara"
T10076,2026-05-01,sms,billing,"hello kittiwake, u took $125.99 from my card twice this month can someone look at my invoice? thank you"
T10077,2026-06-16,chat,network,Data speeds in Brackenridge are so slow that pages won't load. I want to return it. Thank you.
T10078,2026-05-17,chat,account,"Hello Kittiwake, I need to update my address, I have moved to Port Ember. I don't want to lose my number. Thanks."
T10079,2026-06-19,sms,account,"hello, i cant log in to my account, the password reset email never arrives i have restarted the phone and it's still not working"
T10080,2026-03-04,sms,network,"hello kittiwake, there is a charge of $73.25 i dont recognise on my last invoice i cant afford to pay $17.50 this month"
T10081,2026-07-03,chat,billing,"Hello, I was charged $108.75 for a Nimbus X2 I returned 22 May. My account number is on the bill. Regards, Fen."
T10082,2026-08-02,email,network,Is there an outage in Cragwell? Nobody on our street has signal. Other networks work fine in the same spot.
T10083,2026-08-13,chat,network,"Hi there, I can't make calls or send texts, it just says no service. I work from home and I can't do my job without signal. Thanks, Wynn"
T10084,2026-08-19,email,billing,"My bill for 22 July is $95.50, which is double what I normally pay. I have tried 6 times. Please help."
T10085,2026-02-04,email,device,"Hello, my Corvid 5 Pro shows no service but my partner's phone works fine on the same network. I've only had it 9 days. Regards, Joss."
T10086,2026-08-02,email,account,Someone has changed my account details without my permission. I can't afford to pay $51.00 this month. Thanks.
T10087,2026-08-01,email,device,"Hello, my Nimbus Mini shows no service but my partner's phone works fine on the same network. Other networks work fine in the same spot. I've only had it 2 days. Thank you."
T10088,2026-08-23,chat,device,"Hello, the new Corvid 5 Pro drops every call, the old one never did in Saltmoor."
T10089,2026-01-23,chat,network,Data speeds in Port Ember are so slow that pages won't load. It was fine until this morning. Thank you.
T10090,2026-03-26,email,network,I'm on Family Share and paying $106.00 a month but I can't get signal in Port Ember. I work from home and I can't do my job without signal. My neighbours on Kittiwake Mobile have the same problem. Please help.
T10091,2026-04-19,email,device,"Hello, the SIM card you posted doesn't fit my Corvid 5 Pro. It's not the phone, it happens on every handset. This is really not good enough."
T10092,2026-06-03,email,device,The Nimbus Mini on my bill has a broken screen and I need a repair. I want to return it.
T10093,2026-07-16,chat,network,"Good morning, I was charged for a replacement Aster Fold that is still under warranty. Please refund the difference."
T10094,2026-01-06,chat,account,"To whom it may concern, my account is locked after too many login attempts. I have restarted the phone and it's still not working."
T10095,2026-02-18,chat,device,"I can't log in to anything on my Corvid 5 Pro since the update, the screen freezes."
T10096,2026-08-14,chat,device,My new Nimbus X2 won't turn on after the update. The courier said it was delivered but it wasn't.
T10097,2026-04-19,sms,billing,"hi, the price of flex 10 went up without any notice thx"
T10098,2026-07-23,sms,network,"wi-fi calling stopped working after my account was upgraded i have my id ready if u need it regards, priya"
T10099,2026-02-22,chat,billing,"Hi there, I'm paying $130.00 for Unlimited Plus but data barely works in Eastholm Quay, I want money back. The charge is not on my contract."
T10100,2026-03-18,chat,billing,"Hi, my bill shows calls I never made, I think someone else used my number."
T10101,2026-05-18,sms,network,is there an outage in eastholm quay? nobody on our street has signal thx
T10102,2026-01-06,email,device,"Hi, my Corvid 5 shows no service but my partner's phone works fine on the same network. I can't use the phone at all. Regards, Joss."
T10103,2026-08-19,chat,network,"Hello Kittiwake, since I got the Nimbus Mini there is no data in Gullhaven, and my other phone is the same. Can someone look at my invoice?"
T10104,2026-05-08,chat,network,"To whom it may concern, the mast near Port Ember must be down, calls fail every time. I work from home and I can't do my job without signal. Please help."
T10105,2026-02-20,email,billing,"Hello, I was billed for Flex 10 but I switched to Family Share on 9 April. Nobody has replied to my last message."
T10106,2026-08-28,email,network,"To whom it may concern, the mast near Marrowby must be down, calls fail every time. It was fine until last Tuesday. Thank you."
T10107,2026-01-07,email,account,"Hi there, I want to move my Corvid 5 contract to my daughter's account. My account number is on the bill. Regards, Oona."
T10108,2026-08-19,email,billing,"Hello Kittiwake, I was charged for a replacement Corvid 5 Pro that is still under warranty. The charge is not on my contract. Thank you."
T10109,2026-05-01,email,billing,There is a charge of $132.25 I don't recognise on my last invoice. I bought it on the Prepay Go plan. I checked my bank statement and the money has gone. Thanks.
T10110,2026-07-13,email,network,Is there an outage in Eastholm Quay? Nobody on our street has signal. Please confirm by email. This is really not good enough.
T10111,2026-03-05,sms,network,i'm on family share and paying $133.99 a month but i cant get signal in eastholm quay i dont know who did it
T10112,2026-07-23,email,device,"Hello Kittiwake, my Corvid 5 Pro shows no service but my partner's phone works fine on the same network. The courier said it was delivered but it wasn't. I've only had it 11 days."
T10113,2026-05-25,sms,account,"good morning, pls remove ines as an authorised user on my account i have restarted the phone and it's still not working regards, bram"
T10114,2026-07-15,email,account,"Hello Kittiwake, I want to move my Nimbus Mini contract to my daughter's account. My neighbours on Kittiwake Mobile have the same problem. Thanks, Declan"
T10115,2026-01-09,email,account,I was charged $69.75 after someone else took over my account. Please help.
T10116,2026-08-17,email,billing,"Hello, I was billed for Family Share but I switched to Unlimited Plus on 23 March. I shouldn't have to pay for something I didn't use. I can't afford to pay $23.99 this month."
T10117,2026-04-22,chat,network,"Hi there, calls drop as soon as I get on the train to Lowmere. It is still under warranty. Regards, Teodor."
T10118,2026-01-13,sms,network,"good morning, since i got the corvid 5 there is no data in port ember, and my other phone is the same the charge is not on my contract thx"
T10119,2026-06-05,chat,device,"Hi, the Corvid 5 on my bill has a broken screen and I need a repair. I'm not paying for a service that doesn't work."
T10120,2026-04-27,email,network,"Hi there, voicemail isn't working and missed calls don't show up."
T10121,2026-07-27,chat,network,"To whom it may concern, wi-Fi calling stopped working after my account was upgraded. Please refund the difference."
T10122,2026-04-16,email,billing,"Hello, the eSIM add-on is on my bill as $104.25 and I never asked for it. My account number is on the bill. Thank you."
T10123,2026-07-04,email,account,"Hello Kittiwake, I want to move my Nimbus Mini contract to my daughter's account. I don't know who did it."
T10124,2026-08-21,chat,account,"My account is locked after too many login attempts. Regards, Callum."
T10125,2026-07-25,email,billing,"Hello, my bill shows calls I never made, I think someone else used my number. Other networks work fine in the same spot. Thank you."
T10126,2026-06-01,chat,network,"My account says 5G but my Aster Fold never shows more than one bar in Cragwell. I tried another SIM and it's the same. Regards, Ines."
T10127,2026-01-22,email,billing,"Good morning, I was charged $50.50 for a Aster Fold I returned this morning. Please refund the difference. I shouldn't have to pay for something I didn't use. Thank you."
T10128,2026-02-25,email,billing,"Hello, I was charged for a replacement Corvid 5 Pro that is still under warranty. I can't afford to pay $12.75 this month. Thanks, Asha"
T10129,2026-06-16,email,billing,"Hi there, why was I charged roaming fees when I never left Eastholm Quay? This is urgent, I can't access anything. Thank you."
T10130,2026-07-10,chat,billing,"You took $73.00 from my card twice this month. I have been a customer for 8 years and this has never happened. Can someone look at my invoice? Regards, Hedda."
T10131,2026-04-16,email,account,"To whom it may concern, the app says my account doesn't exist but I've been a customer for 5 years. It's not letting me change anything in the app. It's not letting me change anything in the app."
T10132,2026-06-09,email,device,"Hi, order KW-33437 for a Nimbus X2 still hasn't been delivered. Regards, Ines."
T10133,2026-01-06,chat,billing,"Why was I charged roaming fees when I never left Saltmoor? I can't use the phone at all. Regards, Hedda."
T10134,2026-05-10,email,account,I want to upgrade from Flex 30 to Prepay Go. Can someone look at my invoice? Thank you.
T10135,2026-05-27,email,account,"Hi there, my Corvid 5 gets very hot and shuts down. I've only had it 2 days. Please help."
T10136,2026-08-20,email,billing,"Hello, I was billed for Flex 10 but I switched to Unlimited Plus on 10 March. Please refund the difference. Can someone look at my invoice?"
T10137,2026-06-10,chat,billing,"Hello, I'm paying $57.25 for Unlimited Plus but data barely works in Lowmere, I want money back. My account number is on the bill. The charge is not on my contract. Please help."
T10138,2026-05-11,email,account,"Hello, someone has changed my account details without my permission. It was fine until this morning. Thanks."
T10139,2026-08-27,email,network,"Mobile data is not working anywhere in Tern Harbour. This is urgent, I can't access anything."
T10140,2026-03-15,email,device,"Hi, my Nimbus X2 gets very hot and shuts down. Nobody has replied to my last message. Regards, Priya."
T10141,2026-08-10,sms,device,"hi there, my new nimbus mini wont turn on after the update the courier said it was delivered but it wasn't i have tried a factory reset and it didn't help"
T10142,2026-08-14,email,network,"Hello, since I got the Nimbus X2 there is no data in Saltmoor, and my other phone is the same. This is really not good enough."
T10143,2026-06-16,email,billing,"Hello, I was promised a refund of $53.50 and it has not arrived. I can't afford to pay $131.75 this month. Thank you."
T10144,2026-07-13,email,billing,The eSIM add-on is on my bill as $80.75 and I never asked for it. I can't afford to pay $48.50 this month. Thanks.
T10145,2026-03-14,sms,billing,"to whom it may concern, i was charged $66.50 for a corvid 5 pro i returned this morning my neighbours on kittiwake mobile have the same problem"
T10146,2026-06-03,email,billing,I was charged for a replacement Nimbus X2 that is still under warranty. My account number is on the bill. Thank you.
T10147,2026-04-24,email,account,"Hello Kittiwake, my bill is going to an old address, please update it to Marrowby. It's not letting me change anything in the app."
T10148,2026-02-08,sms,network,"since i got the aster fold there is no data in lowmere, and my other phone is the same it is still under warranty"
T10149,2026-02-15,chat,network,"Hello Kittiwake, mobile data is not working anywhere in Saltmoor. Nobody has replied to my last message. I have restarted the phone and it's still not working. Please help."
T10150,2026-07-08,sms,billing,"i cancelled the add-on two days ago and i'm still being billed for it regards, hedda"
T10151,2026-02-27,email,account,"Good morning, I'm paying $62.25 for Unlimited Plus but data barely works in Marrowby, I want money back. I don't know who did it. Please help."
T10152,2026-04-06,email,billing,"Hi, I'm paying $12.99 for Unlimited Plus but data barely works in Brackenridge, I want money back. I can't afford to pay $57.99 this month. I can't afford to pay $70.99 this month. This is really not good enough."
T10153,2026-02-20,email,network,"Hello Kittiwake, wi-Fi calling stopped working after my account was upgraded. It was fine until on Wednesday. Thanks, Wynn"
T10154,2026-07-19,email,account,"My bill is going to an old address, please update it to Cragwell. Please help."
T10155,2026-04-02,chat,network,"Hi, I need a PUK code, my SIM is blocked. Regards, Mara."
T10156,2026-03-06,sms,device,"to whom it may concern, the camera on my nimbus x2 stopped working after the update thx"
T10157,2026-06-25,chat,device,The SIM card you posted doesn't fit my Nimbus X2. I'm not paying for a service that doesn't work. I bought it on the Flex 30 plan.
T10158,2026-08-09,email,billing,"My bill shows calls I never made, I think someone else used my number. I can't afford to pay $69.00 this month. I have been a customer for 7 years and this has never happened. Thank you."
T10159,2026-03-10,chat,device,"Hello, the Nimbus X2 I ordered (KW-87887) arrived with a cracked screen. It's not the phone, it happens on every handset."
T10160,2026-07-22,chat,device,"Good morning, the Corvid 5 Pro I ordered (KW-32513) arrived with a cracked screen. I can't use the phone at all."
T10161,2026-04-24,sms,account,the app says my account doesn't exist but i've been a customer for 8 years
T10162,2026-04-07,email,network,Is there an outage in Lowmere? Nobody on our street has signal. Thanks.
T10163,2026-08-27,sms,billing,"hi there, i was promised a refund of $45.75 and it has not arrived my neighbours on kittiwake mobile have the same problem this is really not good enough"
T10164,2026-06-18,chat,account,"Good morning, I want to transfer my number to a new account. I have my ID ready if you need it. I don't want to lose my number."
T10165,2026-07-27,email,network,I'm on Unlimited Plus and paying $134.00 a month but I can't get signal in Marrowby. I've only had it 7 days.
T10166,2026-07-22,email,device,"The new Corvid 5 drops every call, the old one never did in Brackenridge. My account number is on the bill. Thanks."
T10167,2026-07-13,sms,device,"my nimbus x2 gets very hot and shuts down i want to return it regards, lise"
T10168,2026-04-28,sms,billing,"hello kittiwake, my bill shows calls i never made, i think someone else used my number can someone look at my invoice? thx"
T10169,2026-01-15,email,device,"Hi, the eSIM will not activate on my Nimbus Mini."
T10170,2026-08-22,sms,billing,"good morning, my bill shows calls i never made, i think someone else used my number this is urgent, i cant access anything"
T10171,2026-07-17,chat,device,"Good morning, my Nimbus Mini shows no service but my partner's phone works fine on the same network. It's not the phone, it happens on every handset. Thanks."
T10172,2026-02-13,chat,billing,"Good morning, I paid my bill 16 March but the app still says it is overdue. I can't afford to pay $75.00 this month. My account number is on the bill. Please help."
T10173,2026-02-06,chat,network,"Hello, calls drop as soon as I get on the train to Cragwell. I work from home and I can't do my job without signal. This is really not good enough."
T10174,2026-06-17,sms,network,my account says 5g but my nimbus mini never shows more than one bar in lowmere i have tried 4 times
T10175,2026-02-24,email,billing,You took $140.99 from my card twice this month. I'm not paying for a service that doesn't work. This is really not good enough.
T10176,2026-06-23,chat,account,"Hi, I can't log in to my account, the password reset email never arrives. I don't want to lose my number."
T10177,2026-01-07,email,network,"The eSIM add-on is on my bill as $30.25 and I never asked for it. I have tried a factory reset and it didn't help. Regards, Priya."
T10178,2026-05-17,email,device,"To whom it may concern, my Nimbus X2 keeps restarting by itself. I don't want to lose my number. Thanks, Priya"
T10179,2026-04-20,chat,network,"Good morning, wi-Fi calling stopped working after my account was upgraded."
T10180,2026-03-25,email,billing,"Good morning, you took $12.50 from my card twice this month. I have tried 3 times. Regards, Hedda."
T10181,2026-08-09,chat,network,"Since I got the Corvid 5 Pro there is no data in Cragwell, and my other phone is the same. I have restarted the phone and it's still not working. Please help."
T10182,2026-06-07,chat,device,"Hello, the Nimbus X2 I ordered (KW-95383) arrived with a cracked screen. I bought it on the Prepay Go plan. Thanks."
T10183,2026-02-17,email,account,"Hello, I want to move my Nimbus X2 contract to my daughter's account. I can't use the phone at all. Nobody has replied to my last message. Please help."
T10184,2026-08-14,email,device,"Good morning, my Nimbus X2 shows no service but my partner's phone works fine on the same network. Please confirm by email. This is really not good enough."
T10185,2026-01-07,chat,network,I have had no signal at all in Marrowby since two days ago. I want to return it. My neighbours on Kittiwake Mobile have the same problem. Thanks.
T10186,2026-04-16,chat,device,"Hello, my new Aster Fold won't turn on after the update. The courier said it was delivered but it wasn't. Thanks, Tobias"
T10187,2026-01-27,chat,billing,"I was charged $93.00 for a Corvid 5 I returned 16 July. I have been a customer for 8 years and this has never happened. Regards, Teodor."
T10188,2026-02-27,email,billing,"Hello Kittiwake, I was billed for Prepay Go but I switched to Unlimited Plus on 21 April. My account number is on the bill. Please help."
T10189,2026-04-22,sms,billing,"good morning, i was charged for a replacement aster fold that is still under warranty my account number is on the bill pls refund the difference thx, fen"
T10190,2026-02-10,email,account,"Hello Kittiwake, my bill is going to an old address, please update it to Brackenridge. I'm not paying for a service that doesn't work. Thanks, Asha"
T10191,2026-04-16,email,account,"I was charged $125.50 after someone else took over my account. This is urgent, I can't access anything. Regards, Fen."
T10192,2026-08-20,chat,device,"Good morning, the new Nimbus Mini drops every call, the old one never did in Saltmoor. I need a replacement as soon as possible. Thanks."
T10193,2026-03-03,sms,account,my corvid 5 pro battery drains from full to empty in 2 hours thank you
T10194,2026-01-12,sms,network,"hello, i'm on prepay go and paying $107.25 a month but i cant get signal in brackenridge the charge is not on my contract thx, oona"
T10195,2026-08-24,email,network,"Good morning, my calls keep dropping in Wrenfield, sometimes 5 times an hour. My neighbours on Kittiwake Mobile have the same problem. I work from home and I can't do my job without signal. Thank you."
T10196,2026-03-24,chat,device,The Nimbus X2 on my bill has a broken screen and I need a repair. I bought it on the Flex 10 plan.
T10197,2026-02-11,chat,network,"Hi, my account says 5G but my Corvid 5 never shows more than one bar in Brackenridge. I tried another SIM and it's the same. I tried another SIM and it's the same."
T10198,2026-05-06,email,billing,"Hi, the price of Unlimited Plus went up without any notice. I have been a customer for 7 years and this has never happened. Please refund the difference. Thanks."
T10199,2026-02-06,chat,device,"Hi there, the eSIM will not activate on my Corvid 5 Pro. I've only had it 2 days. Thanks, Asha"
T10200,2026-07-15,chat,billing,"Hi there, I paid my bill on Wednesday but the app still says it is overdue. My account number is on the bill."
T10201,2026-04-26,chat,account,"Hi, my number was moved to another SIM without my permission and now I have no signal. Nobody has replied to my last message. Thank you."
T10202,2026-03-27,sms,device,"good morning, the touchscreen on my aster fold stopped responding last sunday it was fine until yesterday thx"
T10203,2026-02-04,chat,device,"Hi there, my Corvid 5 gets very hot and shuts down. I want to return it. I bought it on the Prepay Go plan. This is really not good enough."
T10204,2026-01-09,email,device,"My new Corvid 5 won't turn on after the update. Can someone look at my invoice? The courier said it was delivered but it wasn't. Thanks, Wynn"
T10205,2026-03-18,email,account,"Hi there, I want to upgrade from Family Share to Prepay Go. I have tried a factory reset and it didn't help."
T10206,2026-08-19,email,billing,My new Corvid 5 Pro won't turn on after the update. I have my ID ready if you need it.
T10207,2026-04-25,email,device,"Hello Kittiwake, I can't log in to anything on my Nimbus Mini since the update, the screen freezes. The courier said it was delivered but it wasn't. Thanks."
T10208,2026-06-10,chat,billing,"You took $57.00 from my card twice this month. It's not the phone, it happens on every handset. Thanks."
T10209,2026-08-04,chat,account,"Hi, my bill is going to an old address, please update it to Lowmere. Other networks work fine in the same spot. Thank you."
T10210,2026-05-20,sms,billing,"my bill for 21 march is $119.99, which is double what i normally pay pls refund the difference thx, callum"
T10211,2026-04-14,email,account,"My bill is going to an old address, please update it to Saltmoor. Thanks, Fen"
T10212,2026-01-13,email,account,"Hi, someone has changed my account details without my permission. I'm not paying for a service that doesn't work. I don't want to lose my number. This is really not good enough."
T10213,2026-01-07,email,billing,"Hi, I was charged $122.50 for a Corvid 5 Pro I returned yesterday. I work from home and I can't do my job without signal. The charge is not on my contract."
T10214,2026-06-22,email,billing,"Hi, I was charged $76.25 on my bill but my Flex 10 plan is only $92.00 a month. The charge is not on my contract. Please help."
T10215,2026-07-12,sms,device,"since i got the nimbus x2 there is no data in port ember, and my other phone is the same my neighbours on kittiwake mobile have the same problem"
T10216,2026-06-11,chat,device,"To whom it may concern, my Nimbus X2 gets very hot and shuts down. I work from home and I can't do my job without signal. Thanks."
T10217,2026-04-25,chat,account,"To whom it may concern, I want to upgrade from Family Share to Flex 10. My account number is on the bill. Regards, Hedda."
T10218,2026-06-06,chat,billing,"Hello, I was charged for a replacement Corvid 5 Pro that is still under warranty. Nobody has replied to my last message. Thank you."
T10219,2026-08-23,email,billing,"Hello Kittiwake, I was charged $86.75 for a Nimbus X2 I returned last Friday. I tried another SIM and it's the same."
T10220,2026-02-03,chat,device,"My Nimbus X2 battery drains from full to empty in 2 hours. I don't want to lose my number. It is still under warranty. Thanks, Joss"
T10221,2026-01-27,sms,device,"the new nimbus mini drops every call, the old one never did in cragwell i dont want to lose my number thx, fen"
T10222,2026-02-15,sms,network,"hello kittiwake, since i got the nimbus mini there is no data in brackenridge, and my other phone is the same my neighbours on kittiwake mobile have the same problem this is really not good enough"
T10223,2026-02-25,sms,network,"data speeds in marrowby r so slow that pages wont load other networks work fine in the same spot thx, hedda"
T10224,2026-08-03,email,account,"Hello Kittiwake, please remove Lise as an authorised user on my account. I have been a customer for 8 years and this has never happened. Please help."
T10225,2026-03-25,chat,device,"The Nimbus X2 I ordered (KW-59093) arrived with a cracked screen. Please refund the difference. I can't use the phone at all. Regards, Joss."
T10226,2026-02-14,email,device,I dropped my Corvid 5 Pro and need to claim on the insurance. I have been a customer for 6 years and this has never happened. This is really not good enough.
T10227,2026-06-16,chat,account,"Hello Kittiwake, the eSIM add-on is on my bill as $78.75 and I never asked for it."
T10228,2026-07-25,chat,network,"Hello, calls drop as soon as I get on the train to Wrenfield."
T10229,2026-01-09,chat,account,"Hello Kittiwake, I was charged $88.00 after someone else took over my account. I work from home and I can't do my job without signal. It's not letting me change anything in the app. Thank you."
T10230,2026-02-13,chat,billing,There is a charge of $113.25 I don't recognise on my last invoice. I want to return it. Thank you.
T10231,2026-03-01,chat,billing,"Good morning, my direct debit failed and now there is a late payment fee of $84.00. I'm not paying for a service that doesn't work. Thanks."
T10232,2026-03-02,email,network,"Hi, my account says 5G but my Nimbus Mini never shows more than one bar in Gullhaven. Please confirm by email. Thanks."
T10233,2026-07-02,email,network,"Hello Kittiwake, the new Corvid 5 Pro drops every call, the old one never did in Eastholm Quay. I've only had it 11 days. Thanks."
T10234,2026-04-23,chat,network,My account says 5G but my Nimbus Mini never shows more than one bar in Brackenridge. I've only had it 13 days. Please help.
T10235,2026-07-23,email,billing,"Hi there, I was charged for a replacement Nimbus Mini that is still under warranty. I can't use the phone at all. I can't afford to pay $122.00 this month. Please help."
T10236,2026-01-24,email,billing,"I cancelled the add-on two days ago and I'm still being billed for it. It's not the phone, it happens on every handset."
T10237,2026-08-14,email,billing,"Hello, my bill shows calls I never made, I think someone else used my number. I can't afford to pay $118.99 this month. Thanks, Asha"
T10238,2026-02-22,email,network,"Hello Kittiwake, mobile data is not working anywhere in Lowmere. I work from home and I can't do my job without signal. Please help."
T10239,2026-02-14,email,billing,"Hi, I was charged $42.99 on my bill but my Prepay Go plan is only $139.75 a month. The courier said it was delivered but it wasn't. My account number is on the bill. This is really not good enough."
T10240,2026-01-16,sms,billing,"to whom it may concern, i was billed for family share but i switched to family share on 24 march i dont know who did it regards, hedda"
T10241,2026-04-23,email,device,"Good morning, the Corvid 5 Pro on my bill has a broken screen and I need a repair. Other networks work fine in the same spot."
T10242,2026-06-15,email,device,"Hi there, the Aster Fold I ordered (KW-76784) arrived with a cracked screen. Can someone look at my invoice? Thanks, Teodor"
T10243,2026-05-15,sms,billing,"my bill shows calls i never made, i think someone else used my number thx"
T10244,2026-05-03,sms,billing,"hi there, my bill for 23 december is $93.99, which is double what i normally pay the charge is not on my contract thank you"
T10245,2026-05-23,sms,network,i have had no signal at all in gullhaven since two days ago i'm not paying for a service that doesn't work
T10246,2026-06-27,chat,device,The Nimbus X2 on my bill has a broken screen and I need a repair. Thanks.
T10247,2026-07-16,email,device,The Corvid 5 Pro on my bill has a broken screen and I need a repair. The charge is not on my contract. It is still under warranty. Thank you.
T10248,2026-04-23,email,device,The SIM card you posted doesn't fit my Nimbus Mini. I checked my bank statement and the money has gone.
T10249,2026-04-09,email,account,"Hi there, I want to move my Nimbus Mini contract to my daughter's account. I have tried 9 times. Regards, Fen."
T10250,2026-02-11,sms,network,"hello, coverage inside my house in port ember is zero bars i have restarted the phone and it's still not working thank you"
T10251,2026-08-24,chat,billing,"My bill for 12 February is $78.75, which is double what I normally pay. My account number is on the bill. Please help."
T10252,2026-05-04,email,account,"Hello Kittiwake, my account is locked after too many login attempts. Please confirm by email. This is really not good enough."
T10253,2026-01-23,email,account,"Hi, I have had no signal at all in Lowmere since two days ago. I can't use the phone at all. Regards, Joss."
T10254,2026-05-08,chat,network,"Since I got the Nimbus Mini there is no data in Lowmere, and my other phone is the same. Regards, Hedda."
T10255,2026-01-11,email,device,My Nimbus X2 battery drains from full to empty in 2 hours.
T10256,2026-01-21,email,account,"Hi there, the app says my account doesn't exist but I've been a customer for 3 years. I have restarted the phone and it's still not working."
T10257,2026-05-14,email,billing,"Hi, the eSIM add-on is on my bill as $40.99 and I never asked for it."
T10258,2026-03-07,email,billing,"To whom it may concern, I was charged $115.00 for a Nimbus X2 I returned this morning. Please refund the difference. Can someone look at my invoice? Regards, Hedda."
T10259,2026-02-07,email,billing,"Good morning, I was charged for a replacement Aster Fold that is still under warranty. Please refund the difference. This is really not good enough."
T10260,2026-04-11,email,account,"Hi there, my bill is going to an old address, please update it to Gullhaven. This is urgent, I can't access anything."
T10261,2026-03-11,email,account,"Hello Kittiwake, I need to update my address, I have moved to Cragwell. I have tried a factory reset and it didn't help. I have tried 4 times."
T10262,2026-02-24,email,device,"Hi, my Nimbus Mini battery drains from full to empty in 3 hours. I want to return it. I bought it on the Unlimited Plus plan. Thanks."
T10263,2026-04-09,email,device,"To whom it may concern, the SIM card you posted doesn't fit my Nimbus Mini. I have tried a factory reset and it didn't help."
T10264,2026-03-13,chat,account,"My bill is going to an old address, please update it to Brackenridge. I bought it on the Prepay Go plan."
T10265,2026-06-26,chat,device,"Hi, the new Corvid 5 Pro drops every call, the old one never did in Eastholm Quay. It was fine until this morning. I want to return it."
T10266,2026-02-13,email,billing,"Hello, my bill shows calls I never made, I think someone else used my number."
T10267,2026-04-10,email,device,"I can't log in to anything on my Aster Fold since the update, the screen freezes. The courier said it was delivered but it wasn't. Thanks, Ines"
T10268,2026-04-19,sms,billing,"i cancelled the add-on on wednesday and i'm still being billed for it this is urgent, i cant access anything the charge is not on my contract regards, fen"
T10269,2026-08-25,email,network,Calls drop as soon as I get on the train to Marrowby. I have restarted the phone and it's still not working. My neighbours on Kittiwake Mobile have the same problem.
T10270,2026-04-06,email,network,"To whom it may concern, mobile data is not working anywhere in Gullhaven. Please refund the difference. Thanks."
T10271,2026-06-14,email,network,"I'm on Unlimited Plus and paying $98.75 a month but I can't get signal in Tern Harbour. My neighbours on Kittiwake Mobile have the same problem. Thanks, Lise"
T10272,2026-01-15,email,network,I have had no signal at all in Lowmere since on Saturday. It was fine until last Thursday. This is really not good enough.
T10273,2026-03-06,chat,device,"Good morning, my Corvid 5 shows no service but my partner's phone works fine on the same network. Thanks."
T10274,2026-06-20,email,billing,"Good morning, I was charged $61.50 on my bill but my Prepay Go plan is only $53.99 a month. I tried another SIM and it's the same."
T10275,2026-03-16,email,device,"Hello Kittiwake, the replacement Nimbus X2 you sent does not charge. My neighbours on Kittiwake Mobile have the same problem. This is really not good enough."
T10276,2026-02-12,chat,billing,"To whom it may concern, the price of Unlimited Plus went up without any notice. I work from home and I can't do my job without signal. The charge is not on my contract. Thanks."
T10277,2026-01-26,email,account,"My bill is going to an old address, please update it to Port Ember. I work from home and I can't do my job without signal. Thank you."
T10278,2026-08-09,chat,network,My account says 5G but my Corvid 5 never shows more than one bar in Eastholm Quay. I checked my bank statement and the money has gone. Please help.
T10279,2026-06-13,chat,device,"The new Corvid 5 drops every call, the old one never did in Tern Harbour. Other networks work fine in the same spot. Thanks."
T10280,2026-06-13,email,network,Coverage inside my house in Eastholm Quay is zero bars. I'm not paying for a service that doesn't work. Thanks.
T10281,2026-07-25,email,network,"Hello Kittiwake, I'm on Flex 30 and paying $96.75 a month but I can't get signal in Port Ember. I work from home and I can't do my job without signal. Thanks."
T10282,2026-04-13,sms,device,"hi, order kw-94699 for a nimbus mini still hasn't been delivered i cant use the phone at all pls help"
T10283,2026-08-19,chat,network,"Hi there, since I got the Nimbus X2 there is no data in Brackenridge, and my other phone is the same. I'm not paying for a service that doesn't work. Please help."
T10284,2026-03-06,sms,billing,"you took $74.75 from my card twice this month can someone look at my invoice? regards, joss"
T10285,2026-08-19,email,billing,"Hello Kittiwake, I was charged for a replacement Aster Fold that is still under warranty. This is really not good enough."
T10286,2026-03-21,email,device,"To whom it may concern, the touchscreen on my Aster Fold stopped responding this morning. The courier said it was delivered but it wasn't. This is really not good enough."
T10287,2026-03-01,email,network,"Hi, since I got the Nimbus Mini there is no data in Marrowby, and my other phone is the same. My neighbours on Kittiwake Mobile have the same problem. Thanks, Asha"
T10288,2026-06-17,chat,device,"Hi there, I can't log in to anything on my Corvid 5 Pro since the update, the screen freezes. I don't want to lose my number. Please help."
T10289,2026-02-13,chat,network,"To whom it may concern, data speeds in Marrowby are so slow that pages won't load. I want to return it. This is really not good enough."
T10290,2026-01-25,sms,device,my corvid 5 keeps restarting by itself i want to return it i want to return it this is really not good enough
T10291,2026-05-16,sms,device,the esim will not activate on my corvid 5 pro i'm not paying for a service that doesn't work thx
T10292,2026-01-03,email,network,"Hi there, my texts are not being delivered to anyone since this morning. I have my ID ready if you need it. It's not the phone, it happens on every handset."
T10293,2026-07-09,email,billing,"Hi there, the price of Prepay Go went up without any notice. I need a replacement as soon as possible. Thanks, Wynn"
T10294,2026-07-15,email,account,"I need to update my address, I have moved to Tern Harbour. I have my ID ready if you need it. Please help."
T10295,2026-05-21,email,network,"Voicemail isn't working and missed calls don't show up. I'm not paying for a service that doesn't work. Thanks, Declan"
T10296,2026-03-16,sms,account,"hi, my number was moved to another sim without my permission and now i have no signal thx, joss"
T10297,2026-04-28,email,device,"Hi, the camera on my Corvid 5 stopped working after the update. My account number is on the bill. Thanks, Rafi"
T10298,2026-08-24,sms,network,coverage inside my house in cragwell is zero bars
T10299,2026-01-21,chat,device,"To whom it may concern, the touchscreen on my Corvid 5 stopped responding 9 October. I can't use the phone at all. Thank you."
T10300,2026-06-17,sms,device,"good morning, the sim card u posted doesn't fit my nimbus mini thx, wynn"
T10301,2026-07-06,sms,billing,"hi there, the price of unlimited plus went up without any notice it was fine until on saturday"
T10302,2026-04-17,sms,billing,"hello kittiwake, i was charged $61.75 for a aster fold i returned 28 january i shouldn't have to pay for something i didn't use thx, bram"
T10303,2026-02-17,email,billing,The eSIM add-on is on my bill as $14.75 and I never asked for it. Nobody has replied to my last message.
T10304,2026-07-04,chat,account,"Good morning, I need to update my address, I have moved to Wrenfield. Nobody has replied to my last message. I have my ID ready if you need it."
T10305,2026-05-27,chat,account,My number was moved to another SIM without my permission and now I have no signal. Nobody has replied to my last message.
T10306,2026-06-16,chat,network,Calls drop as soon as I get on the train to Port Ember.
T10307,2026-07-04,sms,device,"good morning, the new corvid 5 drops every call, the old one never did in port ember i have restarted the phone and it's still not working"
T10308,2026-03-25,email,network,"Good morning, my texts are not being delivered to anyone since this morning. I need a replacement as soon as possible. Thank you."
T10309,2026-02-09,email,billing,"To whom it may concern, I was promised a refund of $130.00 and it has not arrived. I can't afford to pay $57.50 this month. Thanks, Declan"
T10310,2026-01-19,chat,device,"To whom it may concern, the Aster Fold I ordered (KW-39650) arrived with a cracked screen. It's not letting me change anything in the app. This is really not good enough."
T10311,2026-06-22,email,billing,"Hello Kittiwake, you took $115.00 from my card twice this month."
T10312,2026-01-13,email,network,"Good morning, the mast near Eastholm Quay must be down, calls fail every time. Other networks work fine in the same spot. This is really not good enough."
T10313,2026-07-20,email,account,"Hi, someone has changed my account details without my permission. I have been a customer for 2 years and this has never happened. Please help."
T10314,2026-06-14,sms,account,"to whom it may concern, i was charged $136.00 after someone else took over my account i have tried 8 times thank you"
T10315,2026-05-06,email,network,"Hi there, mobile data is not working anywhere in Lowmere. It is still under warranty."
T10316,2026-03-01,email,account,My account is locked after too many login attempts. It's not letting me change anything in the app.
T10317,2026-03-12,email,device,The camera on my Aster Fold stopped working after the update. I can't afford to pay $97.00 this month. I can't use the phone at all. This is really not good enough.
T10318,2026-06-05,email,network,"Hello, wi-Fi calling stopped working after my account was upgraded. I can't afford to pay $59.99 this month. Other networks work fine in the same spot. Regards, Joss."
T10319,2026-05-04,sms,billing,"hello kittiwake, i was charged $116.75 for a corvid 5 i returned 28 march"
T10320,2026-07-12,chat,account,I want to move my Nimbus X2 contract to my daughter's account.
T10321,2026-07-18,email,billing,"Hi, there is a charge of $13.99 I don't recognise on my last invoice. My neighbours on Kittiwake Mobile have the same problem. Thanks."
T10322,2026-08-26,email,device,"Hello Kittiwake, the replacement Nimbus X2 you sent does not charge. Nobody has replied to my last message. I need a replacement as soon as possible. Please help."
T10323,2026-04-09,sms,device,"hello, the sim card u posted doesn't fit my aster fold i have restarted the phone and it's still not working"
T10324,2026-03-13,chat,network,"Good morning, since I got the Corvid 5 Pro there is no data in Brackenridge, and my other phone is the same. I can't afford to pay $91.99 this month. It was fine until on Tuesday. Please help."
T10325,2026-01-22,email,billing,"Hi there, I was charged for a replacement Nimbus X2 that is still under warranty. My account number is on the bill. The charge is not on my contract. This is really not good enough."
T10326,2026-01-16,email,billing,"Hello Kittiwake, the eSIM add-on is on my bill as $73.00 and I never asked for it. Please confirm by email. Thanks."
T10327,2026-04-22,email,device,My Corvid 5 battery drains from full to empty in 2 hours. Thanks.
T10328,2026-01-13,email,device,"Hi, the Corvid 5 Pro on my bill has a broken screen and I need a repair. My neighbours on Kittiwake Mobile have the same problem. Regards, Mara."
T10329,2026-07-03,email,billing,"To whom it may concern, the price of Prepay Go went up without any notice."
T10330,2026-03-10,chat,billing,"To whom it may concern, you took $60.99 from my card twice this month."
T10331,2026-07-17,chat,network,"Hi, mobile data is not working anywhere in Port Ember. I'm not paying for a service that doesn't work."
T10332,2026-03-22,chat,device,"Hi, the new Nimbus X2 drops every call, the old one never did in Port Ember. I bought it on the Unlimited Plus plan. Thanks, Bram"
T10333,2026-08-07,email,billing,"Hi there, I was promised a refund of $65.50 and it has not arrived. It's not the phone, it happens on every handset. This is really not good enough."
T10334,2026-06-11,email,device,"The Aster Fold on my bill has a broken screen and I need a repair. I bought it on the Unlimited Plus plan. Thanks, Callum"
T10335,2026-05-08,email,billing,There is a charge of $86.00 I don't recognise on my last invoice. Can someone look at my invoice? Thanks.
T10336,2026-04-27,email,device,The Nimbus Mini on my bill has a broken screen and I need a repair. My neighbours on Kittiwake Mobile have the same problem. Thanks.
T10337,2026-08-10,chat,account,"My bill is going to an old address, please update it to Marrowby. Please confirm by email."
T10338,2026-03-17,chat,billing,"Good morning, you took $32.50 from my card twice this month. I'm not paying for a service that doesn't work."
T10339,2026-01-20,chat,network,Is there an outage in Wrenfield? Nobody on our street has signal. Can someone look at my invoice?
T10340,2026-04-10,chat,device,The touchscreen on my Nimbus Mini stopped responding on Saturday. Thank you.
T10341,2026-03-10,email,device,"To whom it may concern, my Corvid 5 Pro keeps restarting by itself. I checked my bank statement and the money has gone."
T10342,2026-01-10,email,device,My Nimbus X2 shows no service but my partner's phone works fine on the same network. I have tried 6 times.
T10343,2026-07-14,email,network,I'm on Flex 30 and paying $62.99 a month but I can't get signal in Cragwell.
T10344,2026-08-06,email,billing,I was charged for a replacement Nimbus X2 that is still under warranty. It is still under warranty. Thanks.
T10345,2026-04-08,chat,device,"Hi, the Aster Fold on my bill has a broken screen and I need a repair. I have tried 4 times. Regards, Priya."
T10346,2026-02-08,email,billing,"Hi there, there is a charge of $29.50 I don't recognise on my last invoice. I have been a customer for 8 years and this has never happened. The charge is not on my contract. This is really not good enough."
T10347,2026-04-18,chat,account,"My bill is going to an old address, please update it to Eastholm Quay. It is still under warranty."
T10348,2026-07-22,chat,network,My account says 5G but my Aster Fold never shows more than one bar in Gullhaven. I can't afford to pay $133.50 this month.
T10349,2026-04-28,sms,network,"hi, the 5g signal disappears every evening in brackenridge it's not letting me change anything in the app"
T10350,2026-04-10,email,network,"To whom it may concern, my calls keep dropping in Tern Harbour, sometimes 3 times an hour. Thanks."
T10351,2026-02-03,chat,device,"Hi there, the SIM card you posted doesn't fit my Aster Fold. I have restarted the phone and it's still not working. The courier said it was delivered but it wasn't."
T10352,2026-07-15,email,network,"Hello Kittiwake, since I got the Nimbus Mini there is no data in Eastholm Quay, and my other phone is the same. I have my ID ready if you need it. Thanks."
T10353,2026-07-14,chat,account,"Hi, I want to move my Nimbus X2 contract to my daughter's account. Please confirm by email. Regards, Hedda."
T10354,2026-02-15,email,device,"To whom it may concern, the Corvid 5 Pro on my bill has a broken screen and I need a repair. Other networks work fine in the same spot. Thank you."
T10355,2026-08-13,chat,billing,"I was charged $32.25 for a Nimbus X2 I returned two days ago. This is urgent, I can't access anything. Thanks, Priya"
T10356,2026-04-02,email,account,"My bill is going to an old address, please update it to Marrowby. This is urgent, I can't access anything. I have tried 8 times. Please help."
T10357,2026-03-22,chat,network,"Hello, mobile data is not working anywhere in Marrowby. I'm not paying for a service that doesn't work."
T10358,2026-03-01,email,billing,The eSIM add-on is on my bill as $15.50 and I never asked for it. I have tried a factory reset and it didn't help. Thanks.
T10359,2026-05-04,email,network,"Voicemail isn't working and missed calls don't show up. It's not the phone, it happens on every handset. Thank you."
T10360,2026-01-03,email,device,"Good morning, my Corvid 5 Pro gets very hot and shuts down. I've only had it 9 days. Thanks, Lise"
T10361,2026-08-15,email,device,"Hello Kittiwake, the Nimbus Mini I ordered (KW-62131) arrived with a cracked screen. I can't use the phone at all. Regards, Callum."
T10362,2026-05-17,email,device,"Hi there, the Corvid 5 on my bill has a broken screen and I need a repair. I can't afford to pay $17.99 this month. Thanks."
T10363,2026-01-21,email,network,Wi-Fi calling stopped working after my account was upgraded. I have been a customer for 6 years and this has never happened. Please help.
T10364,2026-02-18,chat,device,"Hello, the camera on my Nimbus Mini stopped working after the update. I want to return it. This is really not good enough."
T10365,2026-06-21,chat,device,"Hello, the replacement Nimbus Mini you sent does not charge. My neighbours on Kittiwake Mobile have the same problem."
T10366,2026-06-02,email,device,"I can't log in to anything on my Corvid 5 Pro since the update, the screen freezes. It is still under warranty. I've only had it 6 days."
T10367,2026-01-03,email,billing,"Hello Kittiwake, you took $115.99 from my card twice this month. The charge is not on my contract."
T10368,2026-05-04,sms,device,"hi, the nimbus mini on my bill has a broken screen and i need a repair i have been a customer for 4 years and this has never happened i cant use the phone at all this is really not good enough"
T10369,2026-06-08,chat,device,"Hello Kittiwake, order KW-57461 for a Aster Fold still hasn't been delivered. I need a replacement as soon as possible. I've only had it 4 days. Regards, Ines."
T10370,2026-02-28,sms,device,order kw-32958 for a corvid 5 still hasn't been delivered
T10371,2026-04-15,chat,device,"Hello, my new Nimbus X2 won't turn on after the update. It's not the phone, it happens on every handset."
T10372,2026-08-13,email,network,"Hello, my account says 5G but my Nimbus Mini never shows more than one bar in Cragwell. Please help."
T10373,2026-02-22,sms,device,"good morning, my aster fold gets very hot and shuts down my neighbours on kittiwake mobile have the same problem i want to return it thx, oona"
T10374,2026-08-15,chat,device,"I can't log in to anything on my Nimbus X2 since the update, the screen freezes. I want to return it. I bought it on the Flex 10 plan. Thank you."
T10375,2026-07-06,sms,device,"hello, the esim will not activate on my aster fold my neighbours on kittiwake mobile have the same problem pls help"
T10376,2026-02-04,sms,billing,"my bill is going to an old address, pls update it to tern harbour my neighbours on kittiwake mobile have the same problem pls confirm by email this is really not good enough"
T10377,2026-04-14,email,device,The eSIM will not activate on my Corvid 5 Pro. The charge is not on my contract. I want to return it. This is really not good enough.
T10378,2026-05-01,email,device,The eSIM will not activate on my Aster Fold. I can't use the phone at all. Thank you.
T10379,2026-04-15,chat,network,"Hi, voicemail isn't working and missed calls don't show up. Thank you."
T10380,2026-08-06,sms,account,how do i add my son to our prepay go plan? i work from home and i cant do my job without signal thx
T10381,2026-08-24,chat,billing,"Hi, I paid my bill on Wednesday but the app still says it is overdue. I have tried a factory reset and it didn't help. Thanks, Priya"
T10382,2026-01-13,sms,device,"to whom it may concern, the corvid 5 on my bill has a broken screen and i need a repair"
T10383,2026-06-06,chat,account,Please change the name on my account to Rafi. I don't know who did it. This is really not good enough.
T10384,2026-07-21,email,device,I'm on Flex 30 and paying $23.99 a month but I can't get signal in Eastholm Quay. It is still under warranty.
T10385,2026-06-17,email,device,"Hi there, the Nimbus X2 on my bill has a broken screen and I need a repair. Nobody has replied to my last message."
T10386,2026-01-07,chat,account,"To whom it may concern, I want to upgrade from Unlimited Plus to Unlimited Plus. I shouldn't have to pay for something I didn't use. Thanks."
T10387,2026-03-23,sms,device,"hi, the camera on my corvid 5 stopped working after the update this is urgent, i cant access anything i have tried a factory reset and it didn't help thx, tobias"
T10388,2026-03-12,email,network,"Hello Kittiwake, my texts are not being delivered to anyone since last Tuesday. Thanks."
T10389,2026-08-09,sms,device,the corvid 5 on my bill has a broken screen and i need a repair
T10390,2026-03-09,email,account,"Hello, I want to move my Corvid 5 contract to my daughter's account. I have my ID ready if you need it. Please confirm by email."
T10391,2026-06-08,sms,billing,"hello, i was charged $138.00 for a corvid 5 i returned yesterday i shouldn't have to pay for something i didn't use pls help"
T10392,2026-03-14,sms,network,"to whom it may concern, my calls keep dropping in marrowby, sometimes 4 times an hour i'm not paying for a service that doesn't work thx, wynn"
T10393,2026-03-18,email,billing,"My bill shows calls I never made, I think someone else used my number. My account number is on the bill. Please help."
T10394,2026-08-25,email,account,I want to transfer my number to a new account. I don't want to lose my number. Thanks.
T10395,2026-02-07,chat,billing,"Good morning, can you explain the $86.00 data overage charge on my account? I can't afford to pay $66.99 this month."
T10396,2026-08-21,chat,billing,I was billed for Flex 30 but I switched to Prepay Go on 28 April. I have been a customer for 9 years and this has never happened. I can't afford to pay $115.75 this month. Thanks.
T10397,2026-06-07,email,device,My Aster Fold keeps restarting by itself. I want to return it.
T10398,2026-02-03,chat,device,"Hello, the Nimbus X2 on my bill has a broken screen and I need a repair. I have my ID ready if you need it. Regards, Priya."
T10399,2026-02-12,sms,billing,i was charged $28.75 for a nimbus x2 i returned 2 april the charge is not on my contract
T10400,2026-07-03,email,device,The touchscreen on my Corvid 5 stopped responding 5 August. It is still under warranty. Thanks.
T10401,2026-05-22,chat,device,My Nimbus X2 battery drains from full to empty in 7 hours. I've only had it 13 days.
T10402,2026-07-25,chat,billing,"Hello Kittiwake, the price of Flex 10 went up without any notice. I have tried 3 times."
T10403,2026-05-19,chat,device,"Hi there, the SIM card you posted doesn't fit my Corvid 5 Pro. It's not letting me change anything in the app. Thank you."
T10404,2026-02-23,email,device,"Hello Kittiwake, the Corvid 5 on my bill has a broken screen and I need a repair. This is urgent, I can't access anything. Thanks, Oona"
T10405,2026-07-06,email,network,"My texts are not being delivered to anyone since last Friday. I'm not paying for a service that doesn't work. It's not the phone, it happens on every handset. Thank you."
T10406,2026-05-15,email,network,"Hello Kittiwake, voicemail isn't working and missed calls don't show up. I tried another SIM and it's the same. Thank you."
T10407,2026-03-11,chat,billing,"Good morning, the eSIM add-on is on my bill as $78.50 and I never asked for it. I have my ID ready if you need it. I shouldn't have to pay for something I didn't use. Regards, Callum."
T10408,2026-08-12,sms,device,"hello, the replacement aster fold u sent does not charge thank you"
T10409,2026-08-12,email,account,"I can't log in to my account, the password reset email never arrives. My account number is on the bill. It's not letting me change anything in the app."
T10410,2026-01-16,email,account,"Hi, I was charged $66.25 after someone else took over my account. The courier said it was delivered but it wasn't. Please help."
T10411,2026-01-17,email,device,The touchscreen on my Nimbus X2 stopped responding on Thursday. I don't want to lose my number.
T10412,2026-08-26,email,network,"Hi there, since I got the Corvid 5 there is no data in Cragwell, and my other phone is the same. I need a replacement as soon as possible. I'm not paying for a service that doesn't work."
T10413,2026-07-28,sms,network,"hello kittiwake, the 5g signal disappears every evening in wrenfield i have restarted the phone and it's still not working thx"
T10414,2026-01-25,email,network,"Good morning, the 5G signal disappears every evening in Cragwell. Nobody has replied to my last message. Thanks."
T10415,2026-05-11,chat,network,"To whom it may concern, my calls keep dropping in Tern Harbour, sometimes 6 times an hour. Can someone look at my invoice?"
T10416,2026-03-06,chat,billing,"Hi, can you explain the $11.50 data overage charge on my account? It is still under warranty. The charge is not on my contract. Regards, Joss."
T10417,2026-07-11,email,device,"Good morning, the replacement Nimbus X2 you sent does not charge. I can't use the phone at all. Thank you."
T10418,2026-02-27,chat,device,I was charged for a replacement Corvid 5 Pro that is still under warranty. I checked my bank statement and the money has gone. Please help.
T10419,2026-04-22,chat,billing,The price of Family Share went up without any notice. I have my ID ready if you need it. I can't afford to pay $121.25 this month. Thanks.
T10420,2026-01-17,email,billing,I was charged $118.00 for a Corvid 5 I returned this morning. I checked my bank statement and the money has gone.
T10421,2026-05-13,sms,network,"hello kittiwake, wi-fi calling stopped working after my account was upgraded i'm not paying for a service that doesn't work thx, callum"
T10422,2026-08-07,email,billing,"My bill for 3 June is $102.50, which is double what I normally pay. Other networks work fine in the same spot."
T10423,2026-02-12,chat,device,My Nimbus X2 shows no service but my partner's phone works fine on the same network. I have tried a factory reset and it didn't help. Please help.
T10424,2026-01-15,email,network,Calls drop as soon as I get on the train to Saltmoor. Other networks work fine in the same spot. Please help.
T10425,2026-04-10,chat,network,"Hi, my calls keep dropping in Port Ember, sometimes 7 times an hour. My neighbours on Kittiwake Mobile have the same problem. Regards, Lise."
T10426,2026-02-18,sms,network,"hi there, voicemail isnt working and missed calls dont show up my neighbours on kittiwake mobile have the same problem thx"
T10427,2026-08-23,chat,billing,"Hi there, I was charged $120.50 for a Nimbus Mini I returned yesterday. I work from home and I can't do my job without signal. Thanks."
T10428,2026-05-11,chat,account,"Hi there, I was charged $47.00 on my bill but my Flex 30 plan is only $75.00 a month. I want to return it. Please help."
T10429,2026-07-27,chat,billing,"To whom it may concern, I'm paying $17.50 for Unlimited Plus but data barely works in Brackenridge, I want money back."
T10430,2026-03-19,chat,network,Mobile data is not working anywhere in Tern Harbour. Can someone look at my invoice? Thanks.
T10431,2026-05-02,email,billing,"Hi, coverage inside my house in Cragwell is zero bars. It was fine until last Wednesday. Regards, Hedda."
T10432,2026-01-26,chat,device,"Hello Kittiwake, my Corvid 5 Pro shows no service but my partner's phone works fine on the same network. I shouldn't have to pay for something I didn't use. Thanks."
T10433,2026-03-11,sms,account,"hello, i was charged $60.99 after someone else took over my account it's not letting me change anything in the app thx, wynn"
T10434,2026-02-06,email,billing,"Hello, I was charged $33.00 for a Corvid 5 I returned on Thursday. I tried another SIM and it's the same. The charge is not on my contract. Thanks, Lise"
T10435,2026-03-06,chat,billing,"To whom it may concern, you took $112.25 from my card twice this month. Please refund the difference. Regards, Joss."
T10436,2026-02-23,chat,network,"Hello Kittiwake, I'm on Prepay Go and paying $101.00 a month but I can't get signal in Marrowby. I can't use the phone at all."
T10437,2026-02-06,email,billing,"Hi, I was charged for a replacement Nimbus Mini that is still under warranty. Can someone look at my invoice?"
T10438,2026-01-06,chat,billing,The eSIM add-on is on my bill as $90.25 and I never asked for it. I've only had it 3 days.
T10439,2026-05-03,chat,account,"Hi there, I was charged $69.50 after someone else took over my account. I've only had it 10 days."
T10440,2026-02-12,chat,account,"Hello Kittiwake, please change the name on my account to Fen. Please refund the difference. Please help."
T10441,2026-04-02,chat,account,"Hello, I want to move my Nimbus X2 contract to my daughter's account. Nobody has replied to my last message. Thanks, Wynn"
T10442,2026-05-03,email,device,"Hello Kittiwake, the SIM card you posted doesn't fit my Corvid 5 Pro. My account number is on the bill."
T10443,2026-06-18,sms,network,wi-fi calling stopped working after my account was upgraded the courier said it was delivered but it wasn't
T10444,2026-06-21,chat,device,"Good morning, the touchscreen on my Aster Fold stopped responding last Wednesday. It's not letting me change anything in the app. Please help."
T10445,2026-07-17,email,network,"Hi, I can't make calls or send texts, it just says no service. The courier said it was delivered but it wasn't. I tried another SIM and it's the same. Thanks."
T10446,2026-02-12,sms,network,"to whom it may concern, wi-fi calling stopped working after my account was upgraded my account number is on the bill"
T10447,2026-05-16,chat,network,"Good morning, my texts are not being delivered to anyone since yesterday. I have restarted the phone and it's still not working. I have restarted the phone and it's still not working. Please help."
T10448,2026-05-20,email,network,"Hi, wi-Fi calling stopped working after my account was upgraded. I bought it on the Flex 30 plan. Thank you."
T10449,2026-03-07,sms,device,"hi there, the sim card u posted doesn't fit my corvid 5 i have my id ready if u need it"
T10450,2026-01-21,email,billing,"Hello, my bill shows calls I never made, I think someone else used my number. Thanks."
T10451,2026-08-22,chat,network,Wi-Fi calling stopped working after my account was upgraded. Can someone look at my invoice?
T10452,2026-05-09,sms,billing,"i cancelled the add-on yesterday and i'm still being billed for it i need a replacement as soon as possible regards, declan"
T10453,2026-06-13,sms,account,"hello kittiwake, i need a puk code, my sim is blocked i cant use the phone at all this is urgent, i cant access anything"
T10454,2026-03-27,chat,device,My Corvid 5 Pro shows no service but my partner's phone works fine on the same network. This is really not good enough.
T10455,2026-02-26,email,network,"Hello, since I got the Corvid 5 Pro there is no data in Eastholm Quay, and my other phone is the same. The charge is not on my contract."
T10456,2026-02-06,email,network,"My account says 5G but my Nimbus X2 never shows more than one bar in Tern Harbour. The courier said it was delivered but it wasn't. Regards, Bram."
T10457,2026-01-10,email,device,My Aster Fold shows no service but my partner's phone works fine on the same network. I want to return it. This is really not good enough.
T10458,2026-04-04,sms,account,"good morning, i want to transfer my number to a new account it is still under warranty i have tried 6 times thx"
T10459,2026-08-09,email,billing,"I was promised a refund of $47.99 and it has not arrived. Regards, Priya."
T10460,2026-05-17,email,network,Voicemail isn't working and missed calls don't show up. It was fine until last Thursday. Please help.
T10461,2026-07-15,email,billing,"Hi there, I was charged for a replacement Aster Fold that is still under warranty. I have tried 7 times. Thank you."
T10462,2026-02-04,chat,billing,You took $35.50 from my card twice this month. It was fine until last Monday. Thanks.
T10463,2026-02-18,chat,billing,"Hi there, I was charged for a replacement Nimbus X2 that is still under warranty. I have tried 9 times. Thank you."
T10464,2026-07-02,email,network,"Hi, the 5G signal disappears every evening in Brackenridge. Other networks work fine in the same spot. Thanks."
T10465,2026-05-14,sms,device,"hello, i cant log in to anything on my aster fold since the update, the screen freezes pls confirm by email this is really not good enough"
T10466,2026-06-15,sms,network,i'm on family share and paying $61.50 a month but i cant get signal in saltmoor i have restarted the phone and it's still not working i have restarted the phone and it's still not working
T10467,2026-05-14,sms,network,"pls remove ines as an authorised user on my account can someone look at my invoice? regards, ines"
T10468,2026-03-19,email,account,"Hi, I want to transfer my number to a new account. Other networks work fine in the same spot. Nobody has replied to my last message. This is really not good enough."
T10469,2026-01-25,chat,network,"Hi, my calls keep dropping in Port Ember, sometimes 8 times an hour. It's not letting me change anything in the app. Thanks, Lise"
T10470,2026-02-17,chat,billing,Can you explain the $41.75 data overage charge on my account? Please confirm by email.
T10471,2026-01-15,sms,device,"i cant log in to anything on my corvid 5 since the update, the screen freezes my account number is on the bill i've only had it 11 days this is really not good enough"
T10472,2026-08-04,email,network,"Hi there, coverage inside my house in Eastholm Quay is zero bars."
T10473,2026-05-05,chat,billing,"There is a charge of $8.75 I don't recognise on my last invoice. It's not the phone, it happens on every handset. I can't afford to pay $18.25 this month."
T10474,2026-03-25,email,account,"Hi, my account is locked after too many login attempts. The charge is not on my contract. I don't want to lose my number."
T10475,2026-08-02,email,network,"Good morning, since I got the Aster Fold there is no data in Lowmere, and my other phone is the same. It's not the phone, it happens on every handset."
T10476,2026-03-25,chat,account,My number was moved to another SIM without my permission and now I have no signal. Nobody has replied to my last message.
T10477,2026-04-12,chat,device,"My account says 5G but my Corvid 5 never shows more than one bar in Port Ember. My neighbours on Kittiwake Mobile have the same problem. Regards, Priya."
T10478,2026-02-09,chat,device,"I can't log in to anything on my Nimbus X2 since the update, the screen freezes. I've only had it 14 days. Please help."
T10479,2026-08-18,sms,device,"the camera on my nimbus mini stopped working after the update thx, tobias"
T10480,2026-01-07,sms,network,coverage inside my house in cragwell is zero bars my neighbours on kittiwake mobile have the same problem
T10481,2026-01-15,chat,account,"Hello, I want to move my Aster Fold contract to my daughter's account. It's not letting me change anything in the app."
T10482,2026-05-14,email,billing,"Hi there, my bill shows calls I never made, I think someone else used my number. My account number is on the bill. Thanks, Rafi"
T10483,2026-04-24,email,billing,"Hello, the price of Flex 10 went up without any notice. It was fine until two days ago. Thanks."
T10484,2026-05-17,email,billing,"To whom it may concern, the eSIM add-on is on my bill as $113.75 and I never asked for it. It's not the phone, it happens on every handset. I have been a customer for 7 years and this has never happened. This is really not good enough."
T10485,2026-08-25,email,billing,"Hi there, I was charged for a replacement Corvid 5 that is still under warranty. The charge is not on my contract. Thanks, Wynn"
T10486,2026-07-19,email,device,"The replacement Nimbus X2 you sent does not charge. Regards, Tobias."
T10487,2026-06-28,email,account,"Hello, the app says my account doesn't exist but I've been a customer for 8 years. It's not letting me change anything in the app. This is urgent, I can't access anything. This is really not good enough."
T10488,2026-02-10,chat,billing,"Hi there, I'm paying $31.50 for Unlimited Plus but data barely works in Eastholm Quay, I want money back. I have been a customer for 8 years and this has never happened. This is really not good enough."
T10489,2026-03-14,sms,billing,"hi, i cant make calls or send texts, it just says no service my account number is on the bill my neighbours on kittiwake mobile have the same problem thx"
T10490,2026-02-28,sms,network,the 5g signal disappears every evening in wrenfield
T10491,2026-02-08,chat,network,"Hello Kittiwake, I'm on Flex 30 and paying $83.99 a month but I can't get signal in Brackenridge. The courier said it was delivered but it wasn't. Thanks, Hedda"
T10492,2026-01-23,sms,network,"hi, since i got the corvid 5 there is no data in port ember, and my other phone is the same my neighbours on kittiwake mobile have the same problem pls help"
T10493,2026-06-13,email,billing,"Good morning, I was promised a refund of $54.25 and it has not arrived. I have tried a factory reset and it didn't help. Thanks, Bram"
T10494,2026-02-20,sms,billing,"hello, my direct debit failed and now there is a late payment fee of $115.00 pls refund the difference thx"
T10495,2026-03-12,sms,billing,"hi, i was charged $88.99 for a nimbus mini i returned on friday thank you"
T10496,2026-07-28,email,account,"Hi, my account is locked after too many login attempts. I want to return it. Please confirm by email. This is really not good enough."
T10497,2026-01-20,sms,network,"hi, my account says 5g but my corvid 5 pro never shows more than one bar in marrowby"
T10498,2026-04-27,chat,account,"Hello Kittiwake, my bill shows calls I never made, I think someone else used my number. The charge is not on my contract. My account number is on the bill. Please help."
T10499,2026-06-14,sms,network,"hello kittiwake, is there an outage in saltmoor? nobody on our street has signal i tried another sim and it's the same thx, callum"
T10500,2026-08-03,email,billing,"Hello, I was charged for a replacement Aster Fold that is still under warranty. I want to return it. My account number is on the bill. Regards, Tobias."
T10501,2026-06-21,chat,billing,"Hello, I was charged $71.50 for a Nimbus Mini I returned two days ago. I can't use the phone at all. Thanks."
T10502,2026-07-28,sms,billing,"to whom it may concern, i was billed for unlimited plus but i switched to family share on 26 may pls help"
T10503,2026-01-11,email,billing,"Hello Kittiwake, the SIM card you posted doesn't fit my Corvid 5 Pro. I need a replacement as soon as possible. Regards, Ines."
T10504,2026-04-17,chat,network,"To whom it may concern, I have had no signal at all in Gullhaven since two days ago."
T10505,2026-02-14,sms,account,"hi there, my number was moved to another sim without my permission and now i have no signal i have tried a factory reset and it didn't help pls confirm by email"
T10506,2026-05-12,sms,billing,"hi, i paid my bill 3 may but the app still says it is overdue i tried another sim and it's the same thx, callum"
T10507,2026-06-08,chat,network,"Hello Kittiwake, my texts are not being delivered to anyone since two days ago. The charge is not on my contract."
T10508,2026-05-01,chat,device,"Hi, my Corvid 5 Pro shows no service but my partner's phone works fine on the same network. I have tried a factory reset and it didn't help."
T10509,2026-05-26,email,device,"Good morning, my Corvid 5 shows no service but my partner's phone works fine on the same network. Nobody has replied to my last message. Regards, Teodor."
T10510,2026-08-22,email,billing,"I cancelled the add-on on Tuesday and I'm still being billed for it. I have been a customer for 5 years and this has never happened. Thanks, Fen"
T10511,2026-06-23,chat,device,"Hi, my Aster Fold keeps restarting by itself. My account number is on the bill. It is still under warranty. Please help."
T10512,2026-02-01,sms,network,"i cant make calls or send texts, it just says no service other networks work fine in the same spot pls help"
T10513,2026-07-11,email,device,"My Corvid 5 gets very hot and shuts down. I have tried a factory reset and it didn't help. Thanks, Priya"
T10514,2026-02-16,email,device,"Hi, my Aster Fold gets very hot and shuts down. I bought it on the Flex 30 plan. Thanks, Wynn"
T10515,2026-07-28,sms,billing,"to whom it may concern, i was charged $54.00 for a corvid 5 pro i returned 1 august it's not letting me change anything in the app i shouldn't have to pay for something i didn't use"
T10516,2026-01-16,email,device,"Hello, my Corvid 5 shows no service but my partner's phone works fine on the same network. I shouldn't have to pay for something I didn't use. Thanks, Joss"
T10517,2026-05-21,sms,account,"hi, i want to upgrade from unlimited plus to prepay go i dont want to lose my number"
T10518,2026-05-11,email,billing,I was promised a refund of $130.75 and it has not arrived. I have been a customer for 3 years and this has never happened. Please help.
T10519,2026-02-01,email,network,"Hello, wi-Fi calling stopped working after my account was upgraded. Regards, Lise."
T10520,2026-07-19,email,billing,"Hi there, I was promised a refund of $41.25 and it has not arrived."
T10521,2026-02-27,chat,billing,"Good morning, I'm paying $135.75 for Unlimited Plus but data barely works in Tern Harbour, I want money back. I can't afford to pay $125.25 this month. Please help."
T10522,2026-02-06,chat,network,"To whom it may concern, since I got the Nimbus Mini there is no data in Cragwell, and my other phone is the same. I don't know who did it."
T10523,2026-06-26,chat,network,"Good morning, I'm on Flex 10 and paying $49.75 a month but I can't get signal in Port Ember. I tried another SIM and it's the same. Please help."
T10524,2026-02-06,email,billing,"I was charged for a replacement Nimbus Mini that is still under warranty. It's not the phone, it happens on every handset."
T10525,2026-07-18,sms,device,"hello kittiwake, i cant log in to anything on my corvid 5 since the update, the screen freezes the courier said it was delivered but it wasn't"
T10526,2026-01-28,email,billing,"Hello, my direct debit failed and now there is a late payment fee of $23.25. Please refund the difference. Please help."
T10527,2026-08-08,sms,network,my texts r not being delivered to anyone since two days ago i have tried a factory reset and it didn't help thx
T10528,2026-08-27,chat,account,"Hello, the Corvid 5 on my bill has a broken screen and I need a repair. I need a replacement as soon as possible. I can't use the phone at all. Thanks."
T10529,2026-05-18,email,account,"Hello Kittiwake, I need a PUK code, my SIM is blocked. My neighbours on Kittiwake Mobile have the same problem. This is really not good enough."
T10530,2026-05-04,email,network,"Hello, I'm on Flex 30 and paying $45.75 a month but I can't get signal in Lowmere. I can't afford to pay $100.99 this month. This is really not good enough."
T10531,2026-05-26,sms,account,"hi, my number was moved to another sim without my permission and now i have no signal it's not letting me change anything in the app pls help"
T10532,2026-03-16,chat,device,"Hi, the Aster Fold on my bill has a broken screen and I need a repair."
T10533,2026-07-26,chat,device,"Hello, the eSIM will not activate on my Nimbus X2. This is urgent, I can't access anything. Thanks."
T10534,2026-05-03,chat,billing,"The eSIM add-on is on my bill as $49.99 and I never asked for it. I have tried a factory reset and it didn't help. Thanks, Wynn"
T10535,2026-07-01,sms,billing,"hi, my direct debit failed and now there is a late payment fee of $57.00 this is urgent, i cant access anything thx"
T10536,2026-01-21,sms,billing,"hello kittiwake, i'm paying $10.75 for unlimited plus but data barely works in port ember, i want money back i'm not paying for a service that doesn't work pls refund the difference this is really not good enough"
T10537,2026-07-17,email,network,"Mobile data is not working anywhere in Gullhaven. I'm not paying for a service that doesn't work. Regards, Bram."
T10538,2026-04-23,email,account,"How do I add my son to our Flex 10 plan? It's not the phone, it happens on every handset. Please help."
T10539,2026-03-21,chat,billing,"Hi, the eSIM add-on is on my bill as $66.99 and I never asked for it. I've only had it 10 days."
T10540,2026-07-04,email,device,"The touchscreen on my Aster Fold stopped responding yesterday. I bought it on the Family Share plan. Thanks, Rafi"
T10541,2026-04-02,chat,device,"Hello, I can't log in to anything on my Nimbus Mini since the update, the screen freezes. I need a replacement as soon as possible. Thanks."
T10542,2026-07-12,email,device,"Hello Kittiwake, my Corvid 5 Pro shows no service but my partner's phone works fine on the same network. Please confirm by email."
T10543,2026-05-18,email,account,"To whom it may concern, I want to transfer my number to a new account. Please help."
T10544,2026-03-10,chat,network,"Hi, my calls keep dropping in Marrowby, sometimes 8 times an hour. I've only had it 12 days. Thanks, Tobias"
T10545,2026-08-12,chat,network,"Since I got the Aster Fold there is no data in Eastholm Quay, and my other phone is the same. I have restarted the phone and it's still not working. Thanks."
T10546,2026-08-21,email,billing,"I paid my bill 6 June but the app still says it is overdue. I have tried a factory reset and it didn't help. Thanks, Asha"
T10547,2026-07-07,chat,device,"Hello Kittiwake, the eSIM will not activate on my Aster Fold. I don't know who did it. I can't use the phone at all. Thanks."
T10548,2026-01-16,email,network,"Hello Kittiwake, my texts are not being delivered to anyone since last Friday. Thanks."
T10549,2026-07-06,email,network,"Hi there, my account says 5G but my Corvid 5 never shows more than one bar in Wrenfield. My neighbours on Kittiwake Mobile have the same problem."
T10550,2026-08-21,chat,billing,"Hello, I paid my bill this morning but the app still says it is overdue. I have been a customer for 2 years and this has never happened."
T10551,2026-04-03,sms,billing,"can u explain the $131.99 data overage charge on my account? i need a replacement as soon as possible regards, tobias"
T10552,2026-06-13,email,network,The 5G signal disappears every evening in Port Ember. The charge is not on my contract. I work from home and I can't do my job without signal.
T10553,2026-06-22,email,billing,"Hi there, I was billed for Family Share but I switched to Flex 10 on 23 April. I tried another SIM and it's the same. Please help."
T10554,2026-03-22,sms,billing,"my bill for 20 july is $26.50, which is double what i normally pay the charge is not on my contract pls help"
T10555,2026-03-04,email,billing,Why was I charged roaming fees when I never left Wrenfield? Thanks.
T10556,2026-05-28,email,billing,The eSIM add-on is on my bill as $24.50 and I never asked for it. My account number is on the bill. Thank you.
T10557,2026-02-15,email,network,"To whom it may concern, wi-Fi calling stopped working after my account was upgraded."
T10558,2026-02-06,email,billing,"There is a charge of $37.50 I don't recognise on my last invoice. I have restarted the phone and it's still not working. Regards, Priya."
T10559,2026-02-05,chat,device,"Good morning, my Nimbus X2 gets very hot and shuts down. Thanks, Rafi"
T10560,2026-05-25,chat,account,"Hello Kittiwake, someone has changed my account details without my permission. I need a replacement as soon as possible. It's not letting me change anything in the app. Thank you."
T10561,2026-03-17,email,device,"To whom it may concern, my Aster Fold shows no service but my partner's phone works fine on the same network. Regards, Joss."
T10562,2026-07-12,email,device,"Hi there, the eSIM will not activate on my Nimbus Mini. I don't know who did it. Thanks."
T10563,2026-06-27,chat,billing,I was charged for a replacement Aster Fold that is still under warranty. I have restarted the phone and it's still not working. Thank you.
T10564,2026-07-17,email,account,"Hi there, I need to update my address, I have moved to Gullhaven. I have been a customer for 6 years and this has never happened. Thanks, Joss"
T10565,2026-06-19,email,device,"Hi, data speeds in Port Ember are so slow that pages won't load. It's not letting me change anything in the app. Regards, Callum."
T10566,2026-05-28,sms,account,"to whom it may concern, i want to upgrade from unlimited plus to family share i dont know who did it this is really not good enough"
T10567,2026-01-24,chat,network,"Hi there, is there an outage in Lowmere? Nobody on our street has signal. I have restarted the phone and it's still not working. Thank you."
T10568,2026-06-14,email,network,"To whom it may concern, coverage inside my house in Lowmere is zero bars."
T10569,2026-08-17,email,network,"Wi-Fi calling stopped working after my account was upgraded. Please confirm by email. Regards, Callum."
T10570,2026-02-15,chat,device,"Good morning, my Corvid 5 Pro shows no service but my partner's phone works fine on the same network. I have tried a factory reset and it didn't help. Thanks, Lise"
T10571,2026-05-05,email,network,"I can't make calls or send texts, it just says no service. I have tried 2 times."
T10572,2026-03-03,sms,network,"to whom it may concern, my calls keep dropping in marrowby, sometimes 7 times an hour it's not the phone, it happens on every handset this is really not good enough"
T10573,2026-02-12,sms,billing,"my bill shows calls i never made, i think someone else used my number i have been a customer for 6 years and this has never happened thx, declan"
T10574,2026-06-11,email,network,"Is there an outage in Eastholm Quay? Nobody on our street has signal. Thanks, Wynn"
T10575,2026-06-13,sms,device,"hello kittiwake, my new aster fold wont turn on after the update pls help"
T10576,2026-02-02,chat,billing,"Hi, I paid my bill yesterday but the app still says it is overdue. Can someone look at my invoice?"
T10577,2026-03-13,email,device,The Corvid 5 Pro on my bill has a broken screen and I need a repair. I need a replacement as soon as possible. Thanks.
T10578,2026-04-02,email,device,"I can't log in to anything on my Corvid 5 since the update, the screen freezes. It's not the phone, it happens on every handset."
T10579,2026-04-05,email,network,"Good morning, I can't make calls or send texts, it just says no service. I checked my bank statement and the money has gone. Please help."
T10580,2026-03-10,email,device,"Good morning, my Aster Fold keeps restarting by itself. I work from home and I can't do my job without signal. Thanks."
T10581,2026-08-21,sms,account,"hello, someone has changed my account details without my permission i've only had it 5 days thx"
T10582,2026-05-21,email,device,"Hello, my Corvid 5 Pro battery drains from full to empty in 4 hours. This is really not good enough."
T10583,2026-05-25,sms,device,"my nimbus x2 gets very hot and shuts down i have tried a factory reset and it didn't help regards, rafi"
T10584,2026-06-26,chat,network,"To whom it may concern, the mast near Eastholm Quay must be down, calls fail every time. I have restarted the phone and it's still not working. I'm not paying for a service that doesn't work. Regards, Wynn."
T10585,2026-08-19,email,billing,I was billed for Unlimited Plus but I switched to Family Share on 3 May. Thank you.
T10586,2026-06-19,email,account,"Good morning, I was charged $22.00 after someone else took over my account."
T10587,2026-01-24,chat,network,"Hi there, I paid my bill two days ago but the app still says it is overdue. I don't want to lose my number. Regards, Declan."
T10588,2026-03-28,email,network,"Hello Kittiwake, coverage inside my house in Brackenridge is zero bars. I have tried a factory reset and it didn't help. Thank you."
T10589,2026-08-21,email,billing,I was charged $66.00 for a Corvid 5 Pro I returned yesterday. I bought it on the Prepay Go plan. Please help.
T10590,2026-05-07,chat,device,"To whom it may concern, my Nimbus Mini shows no service but my partner's phone works fine on the same network. This is urgent, I can't access anything. The courier said it was delivered but it wasn't. Thanks, Hedda"
T10591,2026-06-26,chat,device,"Hello, my Nimbus X2 keeps restarting by itself. This is really not good enough."
T10592,2026-02-08,email,network,"Hi, my account says 5G but my Corvid 5 never shows more than one bar in Tern Harbour. Other networks work fine in the same spot. I'm not paying for a service that doesn't work. Thank you."
T10593,2026-06-10,chat,network,"Hi, I can't make calls or send texts, it just says no service. It's not letting me change anything in the app."
T10594,2026-01-05,chat,device,Order KW-75857 for a Corvid 5 Pro still hasn't been delivered. I need a replacement as soon as possible. I bought it on the Family Share plan. This is really not good enough.
T10595,2026-01-02,email,network,"To whom it may concern, wi-Fi calling stopped working after my account was upgraded. I have tried a factory reset and it didn't help. Thank you."
T10596,2026-02-11,email,account,"Hello Kittiwake, my number was moved to another SIM without my permission and now I have no signal. The courier said it was delivered but it wasn't. Regards, Tobias."
T10597,2026-06-03,email,billing,"Hi there, the Aster Fold on my bill has a broken screen and I need a repair. My account number is on the bill. Thank you."
T10598,2026-05-20,sms,billing,can u explain the $99.50 data overage charge on my account? the charge is not on my contract thank you
T10599,2026-06-22,chat,account,"Hello Kittiwake, how do I add my son to our Flex 10 plan? This is really not good enough."
T10600,2026-05-10,sms,network,"hello, i have had no signal at all in tern harbour since this morning thank you"
